db,category_name,n,energy_mean_kcal,energy_sd,protein_mean_g,protein_sd,fat_mean_g,fat_sd,carb_mean_g,carb_sd,salt_eq_mean_g,salt_eq_sd
US,All Noodles,995,343.9,99.3,10.7,6.1,5.5,5.9,62.5,18.4,1.2,1.7
JB,即席麺,401,394.6,176.5,9.7,4.5,15.1,10.1,55.3,22.0,5.1,2.4
JB,冷凍麺,229,163.3,96.0,4.7,2.4,3.6,4.7,28.2,14.5,1.9,1.3
JB,チルド麺,52,232.3,100.9,7.5,4.5,2.2,1.9,45.6,20.6,3.0,2.4
JB,その他穀物加工品,32,246.2,108.3,6.3,4.1,1.4,1.0,52.1,24.8,2.2,2.0
US,Rice,1962,345.8,53.9,7.3,2.7,1.1,3.0,75.7,12.6,0.1,0.6
JB,冷凍米飯,59,132.9,55.3,2.4,1.0,0.8,0.6,29.2,13.0,0.4,0.4
JB,レトルト米飯・粥,50,254.3,235.8,6.9,8.3,5.6,7.7,44.8,36.6,1.7,2.1
JB,その他穀物加工品,24,265.1,51.7,5.0,1.2,1.2,1.0,58.8,10.3,0.0,0.0
US,Flavored Rice Dishes,789,329.1,74.6,8.8,4.1,2.2,2.5,67.7,16.9,2.4,1.7
JB,冷凍米飯,38,130.0,66.6,3.1,1.7,2.6,1.9,23.9,13.5,0.8,0.4
US,Cereal,8214,387.4,58.3,9.4,5.4,7.8,8.2,73.4,17.7,0.8,0.6
JB,その他穀物加工品,19,422.0,41.9,8.8,4.6,11.3,8.9,74.5,12.4,0.8,0.6
JB,スナック菓子,14,132.2,148.8,2.3,1.6,3.8,6.5,23.4,22.2,0.2,0.2
US,Other Grains & Seeds,1136,413.9,115.2,16.1,11.0,17.3,16.9,51.2,22.8,0.2,0.8
JB,その他穀物加工品,15,360.1,33.9,11.2,8.7,5.4,5.7,69.4,13.8,0.0,0.2
US,Pasta by Shape & Type,6651,323.1,69.8,11.8,4.0,2.9,3.1,63.4,20.5,0.3,0.5
JB,その他穀物加工品,18,353.0,20.8,11.6,3.0,1.7,0.2,72.7,3.4,0.2,0.8
US,Flours & Corn Meal,1335,364.3,79.8,10.2,7.9,4.8,11.7,71.4,17.5,0.4,1.2
JB,その他穀物加工品,14,348.6,29.1,9.7,2.6,1.6,0.4,74.1,7.7,0.1,0.2
US,Cake Cookie & Cupcake Mixes,3475,380.1,55.8,6.8,5.5,7.0,7.1,74.3,13.7,1.6,2.1
JB,その他穀物加工品,10,407.8,59.3,6.7,2.5,8.9,9.5,75.3,6.4,1.3,0.6
JB,カレー・シチュー,10,494.6,16.8,6.3,1.3,30.1,1.8,,,10.7,1.7
US,Breads & Buns,10395,274.5,60.9,9.3,3.5,4.7,4.7,50.1,9.0,1.3,0.5
JB,食パン,27,261.6,9.1,8.8,0.6,3.9,0.9,47.3,1.3,1.1,0.1
JB,菓子パン,20,271.3,92.8,7.7,2.8,6.6,3.5,45.5,16.9,0.8,0.4
JB,調理パン,10,368.7,70.7,9.4,0.9,12.1,5.9,55.6,6.3,0.9,0.1
US,Bread,429,264.9,48.1,8.0,5.2,6.1,4.5,45.4,8.0,1.0,0.5
JB,食パン,53,260.3,12.8,8.9,0.6,4.3,1.6,46.8,2.0,1.0,0.2
US,Croissants Sweet Rolls Muffins & Other Pastries,2835,376.3,65.0,5.4,5.5,15.8,7.1,55.0,14.6,0.8,0.3
JB,菓子パン,63,376.4,87.1,7.2,2.1,15.8,8.5,51.3,10.9,0.6,0.3
JB,洋菓子・ケーキ,15,378.2,112.5,6.0,1.9,18.6,9.6,46.9,10.7,0.7,0.4
US,Prepared Subs & Sandwiches,1079,229.3,61.7,13.0,3.7,9.9,5.1,22.3,8.7,1.5,0.6
JB,調理パン,17,308.4,125.7,6.7,3.3,16.8,11.2,32.5,15.4,1.4,0.7
US,Tofu,1,97.0,0.0,12.5,0.0,3.3,0.0,4.5,0.0,0.0,0.0
JB,豆腐類,19,69.0,8.7,5.8,0.7,4.2,0.8,2.1,0.5,0.0,0.0
US,Canned & Bottled Beans,3109,96.9,38.3,5.6,2.4,0.8,2.4,17.3,7.4,0.7,0.8
JB,その他大豆加工品,29,170.2,31.6,11.0,3.5,4.4,3.2,25.1,9.3,0.5,0.3
JB,その他穀物加工品,16,191.3,72.1,10.1,7.3,2.0,2.8,35.4,17.5,0.1,0.3
US,Canned Seafood,1337,160.1,81.1,17.7,6.6,8.7,8.3,2.6,5.6,1.6,2.9
JB,缶詰・瓶詰,141,185.5,79.8,15.8,5.1,11.1,8.5,5.6,6.0,1.7,2.2
US,Canned Fish and Meat,61,178.4,110.7,17.5,7.5,10.1,11.2,4.4,5.5,3.1,4.8
JB,缶詰・瓶詰,67,222.7,87.9,16.9,4.6,13.0,8.7,9.2,9.6,2.3,1.7
US,Canned Vegetables,4202,40.5,35.8,1.5,1.9,0.5,2.2,7.3,6.2,0.6,0.7
JB,缶詰・瓶詰,16,67.4,24.5,2.2,0.7,1.4,1.9,10.8,4.3,0.8,1.4
JB,その他水産,11,41.8,29.0,2.4,0.8,0.7,0.7,8.0,4.8,0.5,0.6
US,Canned Tuna,1018,132.3,49.8,22.8,4.2,3.9,5.2,0.9,2.7,0.9,0.6
JB,缶詰・瓶詰,39,159.5,86.1,18.1,2.1,9.1,10.0,1.4,3.1,1.0,0.6
US,Pickles Olives Peppers & Relishes,10401,113.8,100.4,1.7,3.8,7.3,10.2,10.5,12.0,2.3,1.9
JB,缶詰・瓶詰,15,60.3,57.3,1.7,2.1,0.7,2.5,11.8,9.0,3.8,2.9
US,Canned Fruit,2954,67.9,37.3,0.3,0.6,0.1,1.7,16.4,9.4,0.0,0.1
JB,缶詰・瓶詰,23,72.3,6.4,0.4,0.1,0.0,0.0,17.7,1.5,0.3,1.2
US,Fish & Seafood,1303,161.2,71.1,18.6,8.3,7.9,11.3,4.6,8.4,2.0,2.9
JB,その他水産,55,261.8,63.3,19.8,5.8,17.5,6.6,6.2,4.5,1.6,0.9
JB,缶詰・瓶詰,21,194.0,88.4,18.7,3.3,11.5,8.4,4.0,3.8,6.7,8.5
US,Pepperoni Salami & Cold Cuts,4923,212.3,124.3,19.6,5.7,13.3,13.1,3.2,3.8,2.8,1.2
JB,ハム類,31,158.6,65.6,18.7,3.6,7.6,7.2,3.9,3.0,2.5,1.1
US,Sausages Hotdogs & Brats,4831,274.3,72.6,15.7,4.9,21.9,8.0,3.3,3.4,2.2,0.8
JB,ソーセージ・ウインナー,64,275.0,64.4,11.2,1.7,22.7,8.9,6.5,5.1,1.8,0.3
US,Bacon Sausages & Ribs,1655,404.4,147.9,25.9,10.2,32.2,14.6,2.3,5.2,3.5,1.6
JB,ベーコン,13,256.9,48.4,15.0,0.9,20.8,5.8,2.3,1.6,2.1,0.4
US,Other Meats,2377,199.6,79.7,17.8,6.8,12.0,8.4,4.7,7.5,0.8,1.0
JB,その他食肉加工品,56,224.2,70.6,15.5,6.6,13.3,7.0,10.5,6.7,1.9,1.5
US,Poultry Chicken & Turkey,814,148.1,49.1,19.2,3.1,7.0,5.4,1.8,3.3,0.7,0.7
JB,その他食肉加工品,11,182.1,50.6,18.5,2.7,8.9,3.8,7.0,8.4,1.9,0.7
US,Milk,4622,75.1,65.4,4.1,4.2,2.5,2.9,9.0,10.8,0.2,0.1
JB,牛乳・加工乳,115,61.4,44.2,3.5,4.3,2.9,1.5,5.3,6.5,0.1,0.1
JB,乳飲料,28,51.6,21.3,1.9,1.4,1.0,1.6,9.1,3.3,0.1,0.1
US,Yogurt,7013,86.0,33.3,5.5,2.9,2.0,2.7,11.6,5.3,0.1,0.1
JB,ヨーグルト,158,68.6,24.5,3.5,1.6,1.7,1.4,10.1,4.2,0.1,0.0
JB,乳飲料,20,54.6,23.9,2.1,1.6,0.5,0.7,10.8,4.5,0.1,0.1
US,Cheese,18108,326.2,91.9,20.4,17.0,25.3,9.4,4.9,5.8,1.8,1.0
JB,チーズ,108,271.9,128.3,16.4,9.5,21.9,10.2,2.3,2.8,1.6,1.0
US,Butter & Spread,1854,646.1,173.3,0.7,4.7,69.9,21.7,4.1,12.4,1.2,1.0
JB,バター・マーガリン,33,454.6,329.4,0.3,0.3,49.7,36.3,1.6,5.2,0.6,0.6
US,Cream,1679,205.2,93.7,2.5,2.9,17.7,10.9,7.2,8.5,0.2,0.3
JB,クリーム,26,372.3,188.7,3.2,2.8,29.0,15.8,24.0,22.3,0.3,0.3
US,Chips Pretzels & Snacks,12520,492.9,69.1,8.2,7.1,25.1,10.0,59.5,11.8,1.7,1.0
JB,スナック菓子,266,495.2,94.1,6.4,2.6,26.1,9.2,59.0,12.5,1.4,0.7
US,Popcorn Peanuts Seeds & Related Snacks,22050,536.7,92.8,13.8,7.5,38.5,17.3,40.7,23.8,0.8,1.3
JB,スナック菓子,34,557.2,123.7,17.3,6.4,40.2,17.4,33.7,18.2,0.7,0.7
JB,その他菓子,11,649.3,56.4,19.0,3.5,55.2,12.1,21.4,10.7,0.2,0.3
US,Snacks,1090,456.8,80.3,6.8,4.1,20.0,11.7,63.9,13.7,1.8,0.9
JB,スナック菓子,25,475.0,44.5,7.7,3.7,20.5,7.3,66.2,8.3,1.1,0.9
US,Wholesome Snacks,6276,270.1,149.5,2.3,4.2,3.8,10.7,58.1,29.6,0.2,0.7
JB,スナック菓子,12,174.7,183.4,2.2,3.4,6.5,9.1,27.6,32.3,0.2,0.5
US,Chocolate,10818,509.2,72.4,6.8,6.3,30.9,10.3,56.3,13.2,0.3,0.6
JB,チョコレート,233,431.9,212.4,5.6,3.3,26.1,13.8,44.4,23.0,0.2,0.2
US,Candy,22849,386.5,83.1,2.8,4.2,7.4,14.8,79.5,18.0,0.3,0.6
JB,キャンデー・グミ,81,357.5,91.6,2.8,3.0,4.2,5.8,79.0,16.4,0.3,0.7
US,Cookies & Biscuits,13311,455.8,62.9,5.7,4.6,20.0,7.9,65.0,10.5,0.7,0.4
JB,ビスケット・クッキー,109,483.5,67.6,6.8,2.1,22.9,7.9,63.7,8.4,0.6,0.3
US,Cakes Cupcakes Snack Cakes,9423,379.6,69.9,4.1,2.7,17.7,6.2,52.2,12.2,0.8,0.3
JB,洋菓子・ケーキ,105,410.7,114.1,5.9,2.1,20.6,9.3,50.8,17.5,0.4,0.2
US,Puddings & Custards,1253,222.4,126.0,2.0,2.6,3.8,5.5,45.9,32.9,1.6,2.6
JB,洋菓子・ケーキ,16,121.0,15.9,2.1,1.5,4.8,0.9,17.5,3.0,0.1,0.0
US,Ice Cream & Frozen Yogurt,13362,210.6,72.2,3.4,1.9,10.1,6.3,27.9,8.4,0.2,0.4
JB,アイスクリーム・氷菓,145,162.5,99.5,2.6,2.4,7.3,4.9,22.0,19.9,0.1,0.2
US,Other Frozen Desserts,2003,254.8,98.1,3.3,3.4,13.2,8.4,32.2,10.9,0.4,0.3
JB,アイスクリーム・氷菓,62,98.2,61.1,0.9,1.2,2.1,5.1,19.1,6.7,0.1,0.1
US,Gelatin Gels Pectins & Desserts,899,261.8,159.9,12.7,20.8,0.2,1.5,49.3,38.1,1.1,1.6
JB,アイスクリーム・氷菓,12,59.7,20.5,0.1,0.1,0.0,0.0,15.0,4.5,0.1,0.0
US,Confectionery Products,959,254.0,177.4,1.5,3.0,5.0,10.8,54.3,36.5,0.1,0.2
JB,その他菓子,17,255.8,107.3,1.0,0.8,0.4,0.9,63.4,26.6,0.1,0.1
US,Fruit & Vegetable Juice Nectars & Fruit Drinks,9111,43.9,31.7,0.3,0.8,0.0,0.4,10.7,7.9,0.1,0.5
JB,果汁・野菜飲料,334,39.1,14.8,0.4,0.4,0.0,0.1,9.5,3.8,0.1,0.1
US,Soda,8049,31.2,27.1,0.0,0.4,0.0,0.2,8.1,7.0,0.1,1.0
JB,炭酸飲料,68,34.2,31.5,0.0,0.1,0.0,0.0,8.8,7.6,0.0,0.1
US,Coffee,479,209.8,206.9,4.4,8.9,6.5,12.4,31.9,32.9,0.6,1.0
JB,コーヒー飲料,160,37.9,59.0,1.0,1.6,0.8,1.9,6.9,9.7,0.1,0.2
US,Iced & Bottle Tea,2285,22.5,31.2,0.1,0.4,0.0,0.6,5.5,6.8,0.0,0.1
JB,緑茶・ほうじ茶,58,1.8,11.9,0.1,0.4,0.1,0.4,0.3,1.7,0.0,0.0
JB,紅茶・ウーロン茶,44,21.9,20.6,0.3,0.6,0.3,0.5,4.6,4.2,0.1,0.1
US,Tea Bags,1577,53.2,125.6,1.1,6.8,0.6,4.2,17.0,30.5,0.3,1.5
JB,緑茶・ほうじ茶,60,77.8,145.9,2.1,6.0,0.3,1.2,16.0,31.1,0.1,0.2
US,Tea and Infusions/Tisanes,27,4.3,15.6,0.0,0.0,0.0,0.0,1.2,4.2,0.0,0.1
JB,緑茶・ほうじ茶,22,0.0,0.0,0.0,0.0,0.0,0.0,0.1,0.3,0.0,0.0
US,Sport Drinks,786,22.1,41.9,0.2,2.6,0.0,0.2,5.4,9.9,0.5,2.3
JB,スポーツ・機能性飲料,86,41.0,69.3,0.2,0.4,0.0,0.1,10.7,17.6,0.2,0.6
US,Plant Based Milk,1500,58.7,76.8,2.3,8.2,3.4,5.6,5.0,7.7,0.2,0.5
JB,豆乳飲料,26,54.0,13.7,3.6,1.4,2.3,0.8,4.8,2.5,0.1,0.1
JB,その他飲料,21,25.2,16.1,0.5,0.4,1.5,1.2,2.9,2.3,0.1,0.1
JB,乳飲料,10,30.0,19.4,0.7,0.6,0.1,0.2,6.6,4.5,0.1,0.1
US,Other Drinks,4941,38.1,62.0,1.1,5.1,0.6,2.6,7.3,10.4,0.1,0.9
JB,その他飲料,60,56.8,61.4,1.0,1.5,0.3,0.7,13.4,16.9,0.1,0.1
JB,コーヒー飲料,14,99.2,143.3,2.9,4.6,2.6,4.2,16.1,22.2,0.2,0.3
JB,乳飲料,11,51.9,18.2,1.2,0.3,0.0,0.0,11.9,4.3,0.0,0.0
JB,チューハイ・カクテル,10,45.2,16.7,0.0,0.0,0.0,0.0,4.5,2.5,0.1,0.1
US,Water,5905,5.0,30.4,0.1,2.3,0.0,2.0,1.2,7.0,0.0,0.6
JB,その他飲料,59,0.2,1.6,0.0,0.0,0.0,0.0,0.1,0.4,0.0,0.0
JB,炭酸飲料,15,0.0,0.0,0.0,0.0,0.0,0.0,0.0,0.0,0.0,0.0
US,Powdered Drinks,4348,335.1,137.9,6.2,13.8,5.8,11.7,64.8,31.4,1.7,3.0
JB,その他飲料,22,348.2,108.4,5.7,4.9,3.4,4.0,76.4,23.6,0.7,0.7
JB,スープ,11,411.5,26.9,12.3,11.0,14.2,3.7,58.8,18.1,10.3,6.0
US,Beer,3,41.0,16.5,0.2,0.3,0.0,0.1,6.2,6.7,0.1,0.1
JB,ビール・発泡酒,54,38.3,18.0,0.3,0.2,0.0,0.0,2.8,1.4,0.1,0.3
US,Alcohol,1135,113.8,119.3,0.9,5.0,0.7,4.1,27.9,31.3,1.0,3.2
JB,チューハイ・カクテル,80,45.5,6.5,0.0,0.0,0.0,0.0,2.8,3.3,0.1,0.1
JB,日本酒・焼酎,23,198.5,49.6,0.0,0.0,0.0,0.0,0.0,0.0,0.0,0.0
JB,その他アルコール,18,160.8,75.6,0.0,0.0,0.0,0.0,8.0,13.3,0.1,0.1
US,Alcoholic Beverages,23,52.9,7.3,0.4,0.0,,,,,,
JB,チューハイ・カクテル,20,42.9,8.8,0.0,0.0,0.0,0.0,4.4,3.3,0.1,0.1
US,Seasoning Mixes Salts Marinades & Tenderizers,6736,185.4,168.7,3.4,15.2,4.0,30.3,36.9,41.3,15.8,13.6
JB,その他調味料,77,250.1,118.0,8.6,5.9,7.0,7.7,37.9,20.0,37.9,26.3
JB,料理の素・ミックス,60,352.9,116.2,11.5,5.3,10.5,8.0,53.4,18.0,22.5,14.4
JB,だし・スープの素,24,200.7,115.1,11.5,13.6,5.3,4.3,26.3,17.0,28.3,19.6
JB,煮物・おかず,10,297.2,54.6,12.8,3.9,8.1,5.6,42.5,4.3,30.9,7.3
US,Herbs & Spices,2231,140.2,200.3,3.2,21.2,4.9,24.3,34.6,127.9,9.1,13.2
JB,その他調味料,126,270.0,172.3,8.0,6.6,7.5,8.6,43.2,23.9,8.1,14.8
US,Jam Jelly & Fruit Spreads,3495,228.7,74.2,0.4,3.1,0.6,4.8,57.4,22.9,0.1,0.4
JB,その他調味料,85,193.5,47.5,0.4,0.7,0.1,0.5,48.2,10.6,0.1,0.2
JB,その他菓子,23,207.8,109.8,1.0,1.6,2.2,10.3,47.1,11.8,0.0,0.0
US,Vegetable & Cooking Oils,4423,738.5,267.4,0.2,10.6,84.7,30.4,0.3,4.2,0.0,0.3
JB,その他調味料,30,911.9,18.3,0.0,0.2,99.7,1.2,0.2,1.0,0.0,0.2
US,Nut & Seed Butters,2727,569.0,92.1,19.6,7.9,45.4,12.4,27.1,12.2,0.6,0.5
JB,その他調味料,15,636.4,85.1,16.5,5.0,52.0,13.0,25.4,12.6,0.2,0.4
US,Honey,1391,293.0,38.2,0.2,2.7,0.3,3.6,80.2,9.9,0.0,0.2
JB,その他調味料,14,327.0,8.5,0.0,0.1,0.0,0.0,81.7,2.1,0.0,0.0
US,Other Condiments,624,159.0,100.7,0.6,6.4,0.4,5.5,35.8,24.1,0.1,0.3
JB,その他調味料,11,149.0,133.5,2.2,3.7,5.5,7.3,23.3,18.7,3.5,3.8
US,Granulated Brown & Powdered Sugar,1785,217.9,187.5,0.1,1.9,0.1,1.6,92.0,32.7,0.1,1.1
JB,その他調味料,12,393.4,9.1,0.4,0.5,0.1,0.3,97.6,2.5,0.0,0.0
US,Prepared Pasta & Pizza Sauces,3782,98.9,105.3,2.1,2.0,6.7,11.3,7.9,5.1,1.0,0.7
JB,ソース・ケチャップ,61,174.6,141.7,3.7,3.1,13.1,14.2,9.9,5.5,3.5,3.3
JB,その他レトルト,34,101.3,25.3,3.3,1.8,5.8,2.3,9.0,2.7,1.9,0.8
JB,料理の素・ミックス,16,148.5,126.0,3.5,3.2,9.5,12.7,11.9,3.5,2.9,2.3
US,Ketchup Mustard BBQ & Cheese Sauce,7090,133.7,121.0,0.8,5.0,4.6,12.7,20.9,18.7,3.1,2.8
JB,ソース・ケチャップ,45,98.8,107.2,2.3,2.9,4.4,9.8,12.5,10.6,2.1,1.7
JB,その他調味料,11,225.8,62.3,6.2,2.9,9.8,3.4,31.7,12.7,7.6,1.9
US,Salad Dressing & Mayonnaise,6023,375.1,183.2,2.5,7.2,34.7,23.7,14.1,21.6,2.3,2.9
JB,ドレッシング・マヨネーズ,134,377.8,196.5,2.6,2.9,36.3,23.1,10.2,6.3,3.3,1.0
US,Oriental Mexican & Ethnic Sauces,3710,145.0,125.9,2.6,4.2,5.7,12.4,20.6,16.8,4.6,4.7
JB,料理の素・ミックス,39,213.5,136.1,5.5,3.2,10.4,10.4,24.6,15.1,7.4,5.1
JB,ソース・ケチャップ,26,141.9,64.7,3.1,2.6,3.7,8.7,25.0,11.8,7.9,4.1
JB,その他調味料,24,309.8,243.0,5.2,3.8,23.2,27.6,23.8,14.0,7.8,4.9
JB,カレー・シチュー,22,388.8,146.9,7.1,2.3,21.2,10.4,47.1,15.4,10.3,5.0
US,Mexican Dinner Mixes,1678,281.5,95.0,7.4,3.5,8.2,6.4,47.1,12.5,1.4,2.1
JB,料理の素・ミックス,19,243.0,163.0,4.2,2.6,10.3,11.6,33.4,21.7,7.9,7.7
US,Other Cooking Sauces,2248,88.5,115.3,0.8,2.0,3.2,10.1,13.0,18.8,1.2,2.4
JB,料理の素・ミックス,11,243.7,209.5,3.9,2.6,16.9,15.7,18.5,18.1,5.0,4.1
US,Frozen Dinners & Entrees,5662,145.0,54.7,7.0,3.2,5.6,4.0,16.7,7.9,0.8,0.4
JB,冷凍弁当・おかず,201,156.8,85.8,5.2,2.6,6.4,5.5,19.6,10.0,1.3,0.9
JB,レトルト米飯・粥,47,235.6,236.9,6.1,4.5,6.9,7.3,37.4,40.6,2.1,1.6
JB,煮物・おかず,28,145.6,89.8,7.5,6.2,6.0,4.8,15.7,8.4,2.0,2.7
JB,冷凍米飯,24,169.7,24.7,4.2,0.9,4.1,2.2,29.0,5.2,1.0,0.2
JB,カレー・シチュー,11,124.7,43.6,3.9,1.7,5.8,3.1,14.1,6.5,1.3,0.4
US,Frozen Patties and Burgers,1183,218.3,64.4,14.9,4.9,13.8,7.7,9.0,10.0,0.9,0.5
JB,冷凍弁当・おかず,38,221.4,58.3,10.5,2.0,14.6,5.2,11.9,4.4,1.4,0.3
JB,冷凍肉・鶏,30,232.7,59.4,10.4,2.2,14.5,5.9,15.3,4.5,1.1,0.4
JB,その他冷凍食品,11,249.5,63.4,10.0,3.8,14.8,5.5,19.2,6.8,1.3,0.6
US,Pasta Dinners,1588,333.6,69.7,11.7,3.7,5.8,4.1,58.3,18.1,2.2,1.1
JB,冷凍弁当・おかず,22,147.4,11.5,4.5,0.7,4.4,1.1,22.3,1.7,1.0,0.2
US,Eggs & Egg Substitutes,914,125.7,78.1,12.2,4.0,7.2,6.5,2.2,7.8,0.5,0.6
JB,冷凍弁当・おかず,17,36.7,1.9,3.1,0.3,1.9,0.1,1.8,0.3,1.0,0.1
US,Frozen Appetizers & Hors D'oeuvres,4831,232.4,65.6,10.6,4.8,11.0,5.9,22.8,11.4,1.3,0.5
JB,冷凍点心・餃子,88,194.1,65.2,7.2,2.2,8.8,4.5,21.4,8.0,1.5,1.7
JB,冷凍弁当・おかず,55,207.4,85.8,6.4,3.0,11.7,6.7,19.2,7.8,1.2,0.4
JB,その他冷凍食品,31,210.7,81.5,6.7,3.1,11.7,6.6,19.8,7.4,1.3,0.7
US,Frozen Poultry Chicken & Turkey,440,163.7,56.1,16.8,4.1,7.2,5.0,7.8,8.7,1.1,0.5
JB,冷凍肉・鶏,70,170.4,74.7,13.1,5.2,8.9,6.0,9.4,5.2,1.2,0.5
US,Frozen Fish & Seafood,3705,124.2,64.4,15.8,5.1,4.2,6.6,5.4,9.0,0.9,0.7
JB,冷凍水産品,79,150.6,74.0,11.6,3.5,5.1,6.9,14.4,7.8,1.1,0.4
JB,冷凍弁当・おかず,25,187.1,97.3,13.3,5.2,10.1,9.4,10.8,7.8,1.5,0.7
JB,冷凍肉・鶏,15,233.8,80.0,12.2,3.4,13.7,8.1,15.2,6.8,1.3,0.3
JB,その他冷凍食品,13,231.8,117.3,9.2,3.8,12.6,9.3,20.4,7.4,1.4,0.8
JB,その他水産,13,121.2,86.2,24.0,19.4,1.5,2.8,2.8,7.0,1.7,2.0
US,Frozen Vegetables,4127,59.4,38.3,2.8,2.1,0.7,1.9,10.4,7.2,0.2,0.4
JB,その他冷凍食品,125,55.6,51.2,2.7,2.9,1.3,2.1,8.4,9.9,0.1,0.2
US,Pizza,3564,239.4,34.8,10.2,2.3,10.5,3.1,26.3,5.8,1.3,0.3
JB,その他冷凍食品,16,243.6,50.0,10.3,2.3,8.6,2.7,31.1,5.6,1.2,0.3
US,French Fries Potatoes & Onion Rings,927,165.6,58.9,2.5,1.6,6.8,4.6,24.0,6.1,0.8,0.5
JB,その他冷凍食品,15,154.3,137.4,1.8,0.9,7.0,10.2,21.0,11.8,0.5,0.5
US,Other Soups,3033,185.9,150.7,6.6,7.5,5.1,6.3,28.7,26.9,4.6,7.8
JB,カレー・シチュー,93,157.8,141.8,4.1,2.5,9.2,10.3,15.0,12.0,2.4,3.1
JB,スープ,69,291.6,143.2,16.0,10.1,10.5,7.0,33.6,18.3,12.0,7.9
JB,その他レトルト,27,105.2,113.0,4.2,4.0,4.6,7.2,12.3,15.0,3.5,4.5
JB,即席麺,13,253.6,103.7,7.4,3.7,13.4,11.8,13.4,5.7,9.5,3.6
JB,料理の素・ミックス,12,86.2,73.0,3.2,3.3,3.4,2.6,10.2,13.3,3.8,4.0
JB,煮物・おかず,10,138.5,158.0,8.7,10.4,5.6,6.6,13.3,14.8,4.0,5.2
US,Chili & Stew,1182,105.3,50.4,5.2,3.0,4.0,4.3,12.2,7.6,1.1,1.1
JB,カレー・シチュー,15,228.7,180.9,8.6,5.2,13.0,12.5,19.6,15.6,2.7,2.3
US,Deli Salads,1316,205.1,86.5,6.9,23.5,13.6,8.4,15.0,10.1,1.1,0.8
JB,煮物・おかず,18,178.3,17.5,1.7,0.4,13.5,2.2,13.1,1.5,1.3,0.3
US,Prepared Soups,597,65.4,43.4,2.6,1.9,2.0,2.1,9.2,7.5,1.0,0.8
JB,スープ,13,79.3,91.1,2.6,4.4,2.5,2.7,11.6,13.1,2.3,4.4
US,Energy Protein & Muscle Recovery Drinks,1933,230.2,161.1,33.0,31.3,4.3,5.3,16.5,18.2,0.8,1.2
JB,プロテイン,107,111.9,151.0,16.5,23.6,2.3,8.1,8.3,16.9,0.4,0.8
JB,その他栄養補助食品,61,171.8,89.3,10.2,13.1,3.9,3.9,28.4,16.8,0.7,2.1
JB,経腸栄養・流動食,16,139.8,83.0,5.5,3.1,3.0,2.5,23.3,19.3,0.2,0.1
JB,スポーツ・機能性飲料,10,88.5,103.3,2.4,6.5,0.0,0.0,19.8,20.7,0.3,0.8
US,Snack Energy & Granola Bars,8548,412.3,64.3,17.1,10.8,17.8,9.3,51.6,14.7,0.7,0.5
JB,経腸栄養・流動食,23,484.5,22.4,14.5,4.6,28.5,3.3,47.1,7.5,0.8,0.2
JB,プロテイン,10,488.3,34.5,27.9,13.4,26.1,5.1,39.3,14.4,0.4,0.1
US,Meal Replacement Supplements,168,232.0,173.2,25.9,22.3,6.8,8.4,18.8,16.0,0.8,0.7
JB,経腸栄養・流動食,10,160.0,0.0,6.0,0.0,4.9,0.7,24.0,2.4,0.3,0.0
JB,その他栄養補助食品,10,179.6,77.9,6.9,3.5,5.4,2.6,33.5,23.6,0.3,0.2
US,Health Supplements and Vitamins,9,354.4,118.2,59.3,26.3,6.4,3.2,12.7,11.1,1.1,1.1
JB,その他栄養補助食品,18,70.2,118.5,11.1,23.7,0.1,0.3,8.6,15.8,0.0,0.0
US,Green Supplements,30,365.9,90.4,50.6,20.6,2.0,4.9,31.6,19.3,1.0,1.1
JB,その他栄養補助食品,11,282.0,98.1,17.6,14.0,3.0,1.7,61.0,23.5,0.6,0.4
US,Baby/Infant Foods/Beverages,103,57.1,10.2,1.1,0.7,0.2,0.5,13.0,2.0,0.0,0.0
JB,ベビーフード,28,320.3,213.8,6.9,5.7,13.8,12.2,42.5,24.4,0.3,0.3
